id,x,y
P1,1,0.806215928
P1,7,0.403888547
P1,30,0.132961248
P1,90,0.023738828
P1,180,0.077866978
P1,365,0.059853966
P2,1,0.572450288
P2,7,0.165201384
P2,30,0.032686653
P2,90,0.080224367
P2,180,0.027592141
P2,365,0.024796689
P3,1,0.659360166
P3,7,0.155384098
P3,30,0.122422732
P3,90,0.061274202
P3,180,0.007315286
P3,365,0